{
  "block_dB": [
    40,
    45,
    50,
    55,
    60,
    65,
    70,
    75,
    80
  ],
  "sumrate_opt": [
    99.86111111111111,
    96.11111111111111,
    82.22222222222221,
    72.5,
    64.58333333333334,
    60.0,
    58.19444444444445,
    55.833333333333336,
    55.27777777777778
  ],
  "survivor_opt": [
    98.88888888888889,
    93.19444444444444,
    93.88888888888889,
    99.44444444444444,
    100.0,
    100.0,
    100.0,
    100.0,
    100.0
  ],
  "no_ris_sumrate": [
    99.86111111111111,
    99.58333333333333,
    91.38888888888889,
    46.80555555555556,
    1.3888888888888888,
    0.0,
    0.0,
    0.0,
    0.0
  ]
}