{
  "summary": {
    "PPO": {
      "mean": 188.84569456903424,
      "std": 0.027674957683011456,
      "sla_mean": 66.34259259259258,
      "gap_vs_dqn_fine_pct": 0.2631773660919789
    },
    "DDPG": {
      "mean": 142.75300993791657,
      "std": 64.86219901967578,
      "sla_mean": 64.67592592592592,
      "gap_vs_dqn_fine_pct": -24.20864882510402
    },
    "A2C": {
      "mean": 181.4680125068934,
      "std": 0.6835930758571155,
      "sla_mean": 67.63888888888889,
      "gap_vs_dqn_fine_pct": -3.6538293034810767
    }
  },
  "dqn_ref": {
    "fine": 188.35,
    "coarse_lattice": 184.98
  },
  "per_seed": {
    "PPO": {
      "final": [
        188.8845906719516,
        188.8300114621324,
        188.8224815730187
      ],
      "sla": [
        66.66666666666666,
        65.97222222222221,
        66.38888888888889
      ],
      "pos": [
        [
          427.9664872214198,
          593.8280991613865,
          116.45719473809004
        ],
        [
          430.6443473510444,
          598.2714139223099,
          117.29501934163272
        ],
        [
          426.5600514411926,
          599.2824231088161,
          118.28672969341278
        ]
      ]
    },
    "DDPG": {
      "final": [
        188.80395720106398,
        188.4308112255718,
        51.02426138711389
      ],
      "sla": [
        63.19444444444444,
        58.19444444444445,
        72.63888888888889
      ],
      "pos": [
        [
          435.2941610813141,
          586.4560475349426,
          106.75497788190842
        ],
        [
          427.07291293144226,
          612.7317912578583,
          104.39898842573166
        ],
        [
          800.0,
          200.0,
          200.0
        ]
      ]
    },
    "A2C": {
      "final": [
        180.63298291599384,
        181.46363463023178,
        182.30741997445455
      ],
      "sla": [
        70.27777777777777,
        63.61111111111111,
        69.02777777777777
      ],
      "pos": [
        [
          375.0,
          650.0,
          150.0
        ],
        [
          375.0,
          650.0,
          131.98758459091187
        ],
        [
          398.66015662252903,
          650.0,
          150.0
        ]
      ]
    }
  },
  "config": {
    "agents": [
      "PPO",
      "DDPG",
      "A2C"
    ],
    "seeds": [
      0,
      1,
      2
    ],
    "timesteps": 60000,
    "n_mc_train": 4,
    "vecnormalize": true,
    "step_xy": 100.0,
    "step_h": 25.0,
    "t_steps": 25
  }
}