{
  "module": "HSDC_Clustering",
  "K_star": 10,
  "silhouette_score": 0.4414,
  "n_devices": 100,
  "cluster_heads": [
    54,
    71,
    64,
    59,
    25,
    39,
    74,
    62,
    43,
    47
  ],
  "hsdc_metrics": {
    "energy_norm": 0.742,
    "coverage_pct": 100.0
  },
  "baselines": {
    "kmeans_k5": {
      "name": "k-means (k=5, fixed)",
      "K": 5,
      "silhouette": 0.501,
      "energy_norm": 1.0,
      "coverage_pct": 92.0,
      "converge_iter": 12
    },
    "kmeans_k8": {
      "name": "k-means (k=8, fixed)",
      "K": 8,
      "silhouette": 0.4091,
      "energy_norm": 0.869,
      "coverage_pct": 98.0,
      "converge_iter": 15
    },
    "hac": {
      "name": "Hierarchical HAC (pure)",
      "K": "auto (=10)",
      "silhouette": 0.4404,
      "energy_norm": 0.817,
      "coverage_pct": 100.0,
      "converge_iter": "N/A"
    }
  },
  "cluster_sizes": [
    16,
    9,
    3,
    10,
    3,
    5,
    36,
    6,
    11,
    1
  ],
  "cluster_centers": [
    [
      430.3150992771473,
      869.5474429107071
    ],
    [
      2485.423257851009,
      1038.1342729170403
    ],
    [
      1380.220046012868,
      692.018104015867
    ],
    [
      883.4949284717896,
      451.6632663162462
    ],
    [
      2754.105353145309,
      194.9789336058666
    ],
    [
      807.1221019478181,
      1208.5528586828211
    ],
    [
      2188.5095907942896,
      796.4368707919874
    ],
    [
      2008.0316593607981,
      1271.551849100202
    ],
    [
      327.82730221884003,
      443.10658457954503
    ],
    [
      115.46192794608669,
      1401.5767132796022
    ]
  ]
}