{
  "module": "HSDC_Clustering",
  "K_star": 15,
  "silhouette_score": 0.3861,
  "n_devices": 100,
  "cluster_heads": [
    76,
    1,
    94,
    43,
    54,
    62,
    34,
    60,
    9,
    25,
    64,
    48,
    39,
    78,
    47
  ],
  "hsdc_metrics": {
    "energy_norm": 0.555,
    "coverage_pct": 100.0
  },
  "baselines": {
    "kmeans_k5": {
      "name": "k-means (k=5, fixed)",
      "K": 5,
      "silhouette": 0.501,
      "energy_norm": 1.0,
      "coverage_pct": 92.0,
      "converge_iter": 12
    },
    "kmeans_k8": {
      "name": "k-means (k=8, fixed)",
      "K": 8,
      "silhouette": 0.4091,
      "energy_norm": 0.869,
      "coverage_pct": 98.0,
      "converge_iter": 15
    },
    "hac": {
      "name": "Hierarchical HAC (pure)",
      "K": "auto (=15)",
      "silhouette": 0.395,
      "energy_norm": 0.578,
      "coverage_pct": 100.0,
      "converge_iter": "N/A"
    }
  },
  "cluster_sizes": [
    14,
    8,
    19,
    11,
    12,
    5,
    3,
    3,
    4,
    3,
    2,
    6,
    2,
    7,
    1
  ],
  "cluster_centers": [
    [
      2199.896248578901,
      682.5067725488735
    ],
    [
      676.3107356467285,
      580.4749846871327
    ],
    [
      2153.3784480717736,
      881.2364230548827
    ],
    [
      327.82730221884003,
      443.10658457954503
    ],
    [
      386.94486395494187,
      883.4018080187957
    ],
    [
      1957.7265970888282,
      1280.8340373884903
    ],
    [
      1056.6572793571813,
      271.3860284369242
    ],
    [
      1045.3123620014533,
      685.0515788893174
    ],
    [
      626.1142134689327,
      1112.5112384236581
    ],
    [
      2754.105353145309,
      194.9789336058666
    ],
    [
      1520.875411648277,
      632.0276722085085
    ],
    [
      2417.776508458001,
      1184.7231700691248
    ],
    [
      995.1603335243148,
      1360.0878306912496
    ],
    [
      2456.4735022511195,
      833.3072626117031
    ],
    [
      115.46192794608669,
      1401.5767132796022
    ]
  ]
}