{
  "pos_m": [
    437.13595326885127,
    584.3518167794371,
    108.37134649692138
  ],
  "best_train_Mbps": 195.406,
  "fair_eval_Mbps": 188.36,
  "gain_Mbps": 1.024
}